x,y,z,visibility,load_status,entity_count
-187,1,-239,TICKING,LOADED,1
-213,5,-186,TICKING,LOADED,1
-210,5,-214,TICKING,LOADED,1
-162,4,-234,TICKING,LOADED,4
-180,5,-205,TICKING,LOADED,2
-193,7,-188,TICKING,LOADED,1
-224,5,-227,TICKING,LOADED,1
-217,6,-222,TICKING,LOADED,1
-195,2,-209,TICKING,LOADED,1
-195,3,-209,TICKING,LOADED,1
-195,4,-209,TICKING,LOADED,4
-164,5,-180,TICKING,LOADED,1
-158,4,-240,TRACKED,LOADED,1
-163,5,-185,TICKING,LOADED,1
-179,7,-213,TICKING,LOADED,1
-191,5,-211,TICKING,LOADED,2
-191,6,-211,TICKING,LOADED,1
-223,5,-185,TICKING,LOADED,1
-223,-3,-185,TICKING,LOADED,1
-226,7,-179,TRACKED,LOADED,1
-210,7,-227,TICKING,LOADED,1
-179,7,-218,TICKING,LOADED,1
-192,5,-206,TICKING,LOADED,2
-218,5,-224,TICKING,LOADED,2
-190,2,-209,TICKING,LOADED,1
-169,6,-220,TICKING,LOADED,2
-159,4,-232,TRACKED,LOADED,2
-205,7,-176,TRACKED,LOADED,1
-194,10,-180,TICKING,LOADED,1
-194,11,-180,TICKING,LOADED,1
-186,4,-218,TICKING,LOADED,1
-168,4,-235,TICKING,LOADED,1
-218,5,-229,TICKING,LOADED,1
-225,5,-187,TRACKED,LOADED,2
-186,-1,-183,TICKING,LOADED,1
-176,6,-219,TICKING,LOADED,2
-176,7,-219,TICKING,LOADED,1
11,4,11,TRACKED,LOADED,1
-197,5,-206,TICKING,LOADED,4
-190,6,-196,TICKING,LOADED,4
-206,5,-222,TICKING,LOADED,1
-206,7,-188,TICKING,LOADED,1
-164,5,-200,TICKING,LOADED,1
-166,5,-200,TICKING,LOADED,1
-212,5,-223,TICKING,LOADED,8
-212,6,-223,TICKING,LOADED,2
-196,3,-207,TICKING,LOADED,6
-196,4,-207,TICKING,LOADED,1
-196,5,-207,TICKING,LOADED,1
-158,4,-230,TRACKED,LOADED,3
-221,5,-186,TICKING,LOADED,1
-167,4,-241,TICKING,LOADED,2
-160,4,-232,TICKING,LOADED,4
-169,5,-179,TICKING,LOADED,1
-3,-1,-11,TRACKED,LOADED,2
-195,9,-184,TICKING,LOADED,1
-180,5,-190,TICKING,LOADED,1
-205,5,-221,TICKING,LOADED,1
-158,4,-220,TRACKED,LOADED,1
-185,5,-238,TICKING,LOADED,1
-185,-1,-238,TICKING,LOADED,1
-208,8,-229,TICKING,LOADED,1
-172,6,-182,TICKING,LOADED,1
-218,5,-196,TICKING,LOADED,2
-189,6,-197,TICKING,LOADED,1
-191,6,-196,TICKING,LOADED,3
-163,4,-176,TRACKED,LOADED,6
-217,0,-177,TRACKED,LOADED,1
-158,5,-180,TRACKED,LOADED,1
-187,5,-220,TICKING,LOADED,1
-172,6,-220,TICKING,LOADED,1
-187,6,-227,TICKING,LOADED,1
-163,4,-226,TICKING,LOADED,1
-220,6,-187,TICKING,LOADED,1
-221,5,-227,TICKING,LOADED,1
-193,5,-200,TICKING,LOADED,1
-191,6,-201,TICKING,LOADED,2
-189,3,-211,TICKING,LOADED,1
-189,5,-211,TICKING,LOADED,2
-193,12,-181,TICKING,LOADED,1
-213,4,-238,TICKING,LOADED,1
-214,5,-232,TICKING,LOADED,2
-187,5,-187,TICKING,LOADED,1
-194,5,-201,TICKING,LOADED,1
-167,4,-227,TICKING,LOADED,1
-222,7,-178,TICKING,LOADED,2
-162,5,-184,TICKING,LOADED,1
-181,5,-207,TICKING,LOADED,1
-177,5,-208,TICKING,LOADED,1
-196,6,-191,TICKING,LOADED,2
-159,5,-220,TRACKED,LOADED,1
-189,6,-196,TICKING,LOADED,2
-195,6,-202,TICKING,LOADED,1
-160,6,-192,TICKING,LOADED,1
5,3,7,TICKING,LOADED,2
-10,-3,-1,TRACKED,LOADED,1
-169,4,-229,TICKING,LOADED,1
-215,6,-227,TICKING,LOADED,1
-161,6,-190,TICKING,LOADED,1
-159,5,-180,TRACKED,LOADED,2
-171,6,-221,TICKING,LOADED,2
-220,5,-182,TICKING,LOADED,2
-209,7,-227,TICKING,LOADED,2
-207,6,-178,TICKING,LOADED,3
7,3,10,TRACKED,LOADED,2
-212,6,-211,TICKING,LOADED,1
-196,8,-176,TRACKED,LOADED,1
-189,6,-236,TICKING,LOADED,2
-160,5,-182,TICKING,LOADED,4
-165,4,-237,TICKING,LOADED,2
-214,6,-228,TICKING,LOADED,1
-170,4,-225,TICKING,LOADED,1
-222,5,-204,TICKING,LOADED,1
-218,6,-184,TICKING,LOADED,1
-191,3,-206,TICKING,LOADED,1
-197,5,-213,TICKING,LOADED,3
-173,6,-220,TICKING,LOADED,2
-195,0,-189,TICKING,LOADED,2
-195,6,-189,TICKING,LOADED,1
-212,6,-185,TICKING,LOADED,1
-212,7,-185,TICKING,LOADED,1
-163,5,-190,TICKING,LOADED,3
-214,5,-211,TICKING,LOADED,1
-173,5,-180,TICKING,LOADED,1
9,-3,-1,TICKING,LOADED,1
-159,5,-185,TRACKED,LOADED,1
-189,5,-214,TICKING,LOADED,1
-206,9,-205,TICKING,LOADED,1
-211,10,-182,TICKING,LOADED,1
-1,-1,-11,TRACKED,LOADED,1
1,-3,10,TRACKED,LOADED,1
-162,5,-191,TICKING,LOADED,1
-162,6,-191,TICKING,LOADED,1
-174,5,-180,TICKING,LOADED,1
-174,6,-180,TICKING,LOADED,1
-173,6,-218,TICKING,LOADED,1
-210,6,-187,TICKING,LOADED,1
-184,5,-211,TICKING,LOADED,1
-199,5,-211,TICKING,LOADED,2
-165,4,-240,TICKING,LOADED,1
-220,5,-199,TICKING,LOADED,1
-170,4,-233,TICKING,LOADED,1
-195,6,-204,TICKING,LOADED,3
-162,4,-220,TICKING,LOADED,1
-209,6,-217,TICKING,LOADED,2
-189,6,-199,TICKING,LOADED,2
-181,7,-214,TICKING,LOADED,1
-181,8,-214,TICKING,LOADED,1
-170,6,-193,TICKING,LOADED,2
-198,6,-189,TICKING,LOADED,1
-169,6,-196,TICKING,LOADED,1
-163,4,-228,TICKING,LOADED,1
-169,4,-239,TICKING,LOADED,2
-175,6,-220,TICKING,LOADED,3
-194,6,-194,TICKING,LOADED,1
-160,5,-180,TICKING,LOADED,4
-178,6,-211,TICKING,LOADED,1
-204,7,-177,TRACKED,LOADED,1
-198,4,-221,TICKING,LOADED,1
-159,3,-237,TRACKED,LOADED,1
-197,-1,-223,TICKING,LOADED,1
-186,6,-235,TICKING,LOADED,1
-167,4,-239,TICKING,LOADED,1
-174,5,-190,TICKING,LOADED,1
-197,5,-201,TICKING,LOADED,2
-174,-1,-215,TICKING,LOADED,1
0,4,2,TICKING,LOADED,1
-185,5,-203,TICKING,LOADED,1
-188,-1,-193,TICKING,LOADED,1
-162,4,-236,TICKING,LOADED,1
-182,5,-187,TICKING,LOADED,1
-159,7,-192,TRACKED,LOADED,1
-192,5,-208,TICKING,LOADED,2
-179,4,-230,TICKING,LOADED,1
-199,-1,-221,TICKING,LOADED,1
-199,7,-241,TICKING,LOADED,1
-186,6,-210,TICKING,LOADED,1
-223,5,-232,TICKING,LOADED,1
-164,4,-240,TICKING,LOADED,1
-213,5,-231,TICKING,LOADED,1
-191,2,-209,TICKING,LOADED,2
-191,6,-209,TICKING,LOADED,1
-208,6,-238,TICKING,LOADED,1
-223,5,-227,TICKING,LOADED,2
-165,4,-235,TICKING,LOADED,2
-5,4,-6,TICKING,LOADED,1
-201,6,-224,TICKING,LOADED,1
-212,-2,-221,TICKING,LOADED,1
-212,-1,-221,TICKING,LOADED,2
-213,-1,-236,TICKING,LOADED,2
-170,5,-213,TICKING,LOADED,1
-183,7,-214,TICKING,LOADED,3
-225,6,-182,TRACKED,LOADED,1
-213,11,-203,TICKING,LOADED,1
-170,6,-218,TICKING,LOADED,3
-222,-3,-187,TICKING,LOADED,1
-190,1,-241,TICKING,LOADED,1
-175,5,-182,TICKING,LOADED,1
-168,4,-240,TICKING,LOADED,2
-190,5,-211,TICKING,LOADED,4
-190,6,-211,TICKING,LOADED,1
-179,0,-198,TICKING,LOADED,1
-173,5,-178,TICKING,LOADED,1
-181,6,-221,TICKING,LOADED,2
-198,6,-196,TICKING,LOADED,1
-221,6,-203,TICKING,LOADED,2
-164,4,-230,TICKING,LOADED,1
-193,5,-214,TICKING,LOADED,1
-222,6,-202,TICKING,LOADED,2
-203,5,-191,TICKING,LOADED,1
-194,6,-206,TICKING,LOADED,2
-174,-2,-210,TICKING,LOADED,1
-172,6,-217,TICKING,LOADED,2
-217,5,-182,TICKING,LOADED,3
-176,4,-228,TICKING,LOADED,1
-203,9,-226,TICKING,LOADED,1
-189,8,-179,TICKING,LOADED,1
-193,5,-205,TICKING,LOADED,1
-193,6,-205,TICKING,LOADED,1
-224,5,-187,TICKING,LOADED,2
-198,5,-209,TICKING,LOADED,2
-191,5,-204,TICKING,LOADED,3
-209,8,-197,TICKING,LOADED,1
-206,5,-191,TICKING,LOADED,1
-226,8,-196,TRACKED,LOADED,1
-197,6,-237,TICKING,LOADED,1
-186,1,-211,TICKING,LOADED,1
-158,3,-237,TRACKED,LOADED,1
-220,4,-244,TRACKED,LOADED,2
-223,8,-220,TICKING,LOADED,1
-223,9,-220,TICKING,LOADED,1
-213,5,-224,TICKING,LOADED,3
-211,5,-222,TICKING,LOADED,1
-211,-1,-222,TICKING,LOADED,2
-182,7,-218,TICKING,LOADED,2
-177,5,-184,TICKING,LOADED,1
-207,6,-237,TICKING,LOADED,1
-161,4,-230,TICKING,LOADED,1
-178,4,-191,TICKING,LOADED,1
-214,5,-230,TICKING,LOADED,1
-169,6,-215,TICKING,LOADED,2
-185,6,-223,TICKING,LOADED,1
-178,5,-186,TICKING,LOADED,1
-158,4,-232,TRACKED,LOADED,1
-169,4,-234,TICKING,LOADED,1
-208,6,-217,TICKING,LOADED,3
-214,6,-185,TICKING,LOADED,3
-216,7,-200,TICKING,LOADED,1
-204,5,-221,TICKING,LOADED,1
-208,6,-236,TICKING,LOADED,1
-189,5,-209,TICKING,LOADED,1
-187,1,-196,TICKING,LOADED,1
-200,5,-211,TICKING,LOADED,3
-196,6,-205,TICKING,LOADED,1
-221,5,-225,TICKING,LOADED,2
-213,6,-229,TICKING,LOADED,1
-177,7,-216,TICKING,LOADED,1
-195,5,-200,TICKING,LOADED,1
-177,6,-211,TICKING,LOADED,1
-192,6,-197,TICKING,LOADED,2
-178,7,-216,TICKING,LOADED,1
-197,6,-190,TICKING,LOADED,1
-226,0,-198,TRACKED,LOADED,1
-226,8,-198,TRACKED,LOADED,2
-188,0,-219,TICKING,LOADED,2
-169,6,-192,TICKING,LOADED,2
-216,6,-184,TICKING,LOADED,1
-173,5,-223,TICKING,LOADED,2
-206,6,-216,TICKING,LOADED,1
-191,5,-192,TICKING,LOADED,1
-165,4,-229,TICKING,LOADED,2
-188,5,-214,TICKING,LOADED,1
-166,5,-218,TICKING,LOADED,1
-224,6,-199,TICKING,LOADED,1
-169,6,-197,TICKING,LOADED,3
-204,7,-176,TRACKED,LOADED,2
-174,6,-222,TICKING,LOADED,1
-190,5,-219,TICKING,LOADED,7
-176,-1,-216,TICKING,LOADED,1
-196,1,-230,TICKING,LOADED,1
-207,6,-236,TICKING,LOADED,1
-175,-1,-211,TICKING,LOADED,1
-177,3,-186,TICKING,LOADED,1
-178,0,-190,TICKING,LOADED,1
-190,5,-212,TICKING,LOADED,1
-190,6,-212,TICKING,LOADED,3
11,4,-5,TRACKED,LOADED,1
-223,6,-208,TICKING,LOADED,1
-219,5,-199,TICKING,LOADED,2
-206,11,-184,TICKING,LOADED,1
-196,-1,-188,TICKING,LOADED,1
-196,4,-208,TICKING,LOADED,2
-225,4,-229,TRACKED,LOADED,2
-169,6,-217,TICKING,LOADED,1
-215,5,-211,TICKING,LOADED,1
-171,4,-238,TICKING,LOADED,1
-158,4,-234,TRACKED,LOADED,2
-175,4,-201,TICKING,LOADED,1
-163,5,-179,TICKING,LOADED,6
-218,5,-234,TICKING,LOADED,2
-199,8,-179,TICKING,LOADED,1
-211,9,-181,TICKING,LOADED,1
-170,6,-189,TICKING,LOADED,1
-176,5,-181,TICKING,LOADED,1
-187,5,-204,TICKING,LOADED,1
-207,8,-206,TICKING,LOADED,1
-159,6,-190,TRACKED,LOADED,1
-177,7,-218,TICKING,LOADED,2
-160,6,-184,TICKING,LOADED,2
-189,5,-213,TICKING,LOADED,3
-164,5,-195,TICKING,LOADED,1
-160,6,-194,TICKING,LOADED,3
-175,6,-221,TICKING,LOADED,1
-188,5,-244,TRACKED,LOADED,1
-174,4,-201,TICKING,LOADED,2
-177,5,-223,TICKING,LOADED,1
-209,6,-224,TICKING,LOADED,1
-220,6,-179,TICKING,LOADED,1
-164,4,-183,TICKING,LOADED,1
-198,-1,-223,TICKING,LOADED,1
-166,5,-197,TICKING,LOADED,1
-169,3,-242,TICKING,LOADED,1
7,4,1,TICKING,LOADED,1
-162,4,-179,TICKING,LOADED,1
-162,5,-179,TICKING,LOADED,2
-208,6,-216,TICKING,LOADED,2
-160,5,-179,TICKING,LOADED,2
-170,4,-234,TICKING,LOADED,1
-214,5,-231,TICKING,LOADED,2
-222,5,-207,TICKING,LOADED,1
-175,5,-181,TICKING,LOADED,1
-161,4,-232,TICKING,LOADED,2
-167,5,-200,TICKING,LOADED,1
-182,8,-216,TICKING,LOADED,1
-166,4,-178,TICKING,LOADED,1
11,4,9,TRACKED,LOADED,1
-202,7,-176,TRACKED,LOADED,1
-164,4,-235,TICKING,LOADED,1
-183,5,-176,TRACKED,LOADED,1
-1,3,11,TRACKED,LOADED,1
-184,5,-239,TICKING,LOADED,1
-186,5,-185,TICKING,LOADED,1
-193,5,-229,TICKING,LOADED,1
-161,5,-212,TICKING,LOADED,2
-9,-2,-1,TICKING,LOADED,1
-172,5,-193,TICKING,LOADED,1
-168,4,-227,TICKING,LOADED,1
-161,5,-180,TICKING,LOADED,3
-192,5,-210,TICKING,LOADED,1
-192,9,-210,TICKING,LOADED,1
-192,10,-210,TICKING,LOADED,2
-163,4,-229,TICKING,LOADED,1
-169,4,-232,TICKING,LOADED,1
-185,5,-205,TICKING,LOADED,2
-211,6,-226,TICKING,LOADED,1
-214,6,-184,TICKING,LOADED,1
-195,5,-207,TICKING,LOADED,2
-180,-2,-207,TICKING,LOADED,1
-170,6,-196,TICKING,LOADED,2
-172,4,-238,TICKING,LOADED,3
-183,7,-216,TICKING,LOADED,1
-180,6,-188,TICKING,LOADED,2
-183,5,-226,TICKING,LOADED,1
-183,6,-221,TICKING,LOADED,3
-213,1,-219,TICKING,LOADED,3
-183,5,-211,TICKING,LOADED,2
-224,6,-183,TICKING,LOADED,1
-208,7,-226,TICKING,LOADED,1
-173,-2,-212,TICKING,LOADED,1
-225,0,-241,TRACKED,LOADED,1
-203,7,-176,TRACKED,LOADED,1
-203,8,-176,TRACKED,LOADED,1
-197,4,-208,TICKING,LOADED,4
-197,5,-208,TICKING,LOADED,1
-168,4,-237,TICKING,LOADED,1
-218,5,-194,TICKING,LOADED,1
-225,1,-198,TRACKED,LOADED,4
-168,3,-242,TICKING,LOADED,1
-182,5,-204,TICKING,LOADED,1
-165,4,-184,TICKING,LOADED,1
-172,5,-180,TICKING,LOADED,1
-211,-1,-236,TICKING,LOADED,1
-163,4,-234,TICKING,LOADED,2
-168,5,-217,TICKING,LOADED,1
-216,6,-224,TICKING,LOADED,1
-174,4,-227,TICKING,LOADED,1
-188,5,-189,TICKING,LOADED,1
-158,6,-208,TRACKED,LOADED,1
-197,8,-178,TICKING,LOADED,1
-159,-3,-202,TRACKED,LOADED,1
-183,4,-241,TICKING,LOADED,1
-223,5,-234,TICKING,LOADED,2
-186,6,-225,TICKING,LOADED,1
-174,5,-189,TICKING,LOADED,1
-202,5,-216,TICKING,LOADED,1
-163,4,-239,TICKING,LOADED,1
-167,6,-210,TICKING,LOADED,1
-165,4,-232,TICKING,LOADED,1
-178,1,-188,TICKING,LOADED,1
-212,5,-224,TICKING,LOADED,6
-212,6,-224,TICKING,LOADED,8
-181,5,-204,TICKING,LOADED,1
-163,4,-231,TICKING,LOADED,3
-214,6,-219,TICKING,LOADED,1
-206,6,-189,TICKING,LOADED,1
-212,6,-219,TICKING,LOADED,4
-179,0,-189,TICKING,LOADED,1
-191,5,-213,TICKING,LOADED,2
-192,5,-202,TICKING,LOADED,1
-198,6,-194,TICKING,LOADED,1
-215,5,-228,TICKING,LOADED,2
-197,4,-210,TICKING,LOADED,2
-197,5,-210,TICKING,LOADED,3
-196,6,-190,TICKING,LOADED,1
-186,5,-220,TICKING,LOADED,1
-161,5,-182,TICKING,LOADED,2
-203,6,-203,TICKING,LOADED,1
-189,5,-218,TICKING,LOADED,24
-194,0,-189,TICKING,LOADED,1
-195,5,-205,TICKING,LOADED,3
-195,6,-205,TICKING,LOADED,1
-219,5,-182,TICKING,LOADED,1
-174,6,-218,TICKING,LOADED,1
-222,5,-225,TICKING,LOADED,2
-213,6,-226,TICKING,LOADED,1
-203,11,-233,TICKING,LOADED,1
-180,1,-186,TICKING,LOADED,1
-195,8,-176,TRACKED,LOADED,1
-162,6,-192,TICKING,LOADED,1
-193,6,-197,TICKING,LOADED,1
-213,0,-221,TICKING,LOADED,1
-213,6,-221,TICKING,LOADED,1
-195,6,-195,TICKING,LOADED,1
-173,-1,-214,TICKING,LOADED,1
-2,4,0,TICKING,LOADED,1
-202,5,-198,TICKING,LOADED,1
-183,5,-204,TICKING,LOADED,1
-208,7,-228,TICKING,LOADED,1
-189,5,-208,TICKING,LOADED,1
-182,5,-206,TICKING,LOADED,1
-169,4,-224,TICKING,LOADED,1
-187,5,-214,TICKING,LOADED,3
-194,6,-204,TICKING,LOADED,1
-167,4,-232,TICKING,LOADED,1
-194,2,-209,TICKING,LOADED,1
-194,3,-209,TICKING,LOADED,1
-194,4,-209,TICKING,LOADED,1
-164,5,-181,TICKING,LOADED,1
-205,5,-223,TICKING,LOADED,1
-214,6,-221,TICKING,LOADED,1
-169,6,-219,TICKING,LOADED,1
-189,6,-237,TICKING,LOADED,1
-218,5,-182,TICKING,LOADED,1
-211,5,-224,TICKING,LOADED,9
-211,6,-224,TICKING,LOADED,5
-205,5,-216,TICKING,LOADED,1
-223,5,-184,TICKING,LOADED,1
-193,5,-242,TICKING,LOADED,1
-199,5,-198,TICKING,LOADED,1
-186,5,-239,TICKING,LOADED,1
-214,6,-226,TICKING,LOADED,1
-222,4,-235,TICKING,LOADED,2
-158,6,-191,TRACKED,LOADED,1
-158,7,-191,TRACKED,LOADED,3
-218,6,-177,TRACKED,LOADED,1
-176,5,-179,TICKING,LOADED,1
-222,9,-215,TICKING,LOADED,1
-197,8,-185,TICKING,LOADED,4
-220,5,-227,TICKING,LOADED,1
-193,5,-207,TICKING,LOADED,1
-193,6,-207,TICKING,LOADED,1
10,1,-3,TRACKED,LOADED,1
-171,5,-198,TICKING,LOADED,1
-212,11,-204,TICKING,LOADED,1
-171,6,-193,TICKING,LOADED,5
-201,7,-176,TRACKED,LOADED,1
-165,4,-177,TRACKED,LOADED,1
-181,8,-216,TICKING,LOADED,3
-171,5,-223,TICKING,LOADED,1
-173,6,-221,TICKING,LOADED,1
-221,8,-213,TICKING,LOADED,1
-202,10,-228,TICKING,LOADED,1
-170,6,-194,TICKING,LOADED,5
-216,8,-205,TICKING,LOADED,1
-190,6,-198,TICKING,LOADED,1
-202,10,-233,TICKING,LOADED,1
-202,11,-233,TICKING,LOADED,1
-175,5,-179,TICKING,LOADED,1
-210,7,-185,TICKING,LOADED,1
-208,7,-176,TRACKED,LOADED,1
-189,5,-192,TICKING,LOADED,1
-168,4,-200,TICKING,LOADED,1
-161,4,-237,TICKING,LOADED,2
-161,-3,-237,TICKING,LOADED,1
-191,6,-199,TICKING,LOADED,1
-7,4,0,TICKING,LOADED,1
-184,7,-215,TICKING,LOADED,3
-178,5,-209,TICKING,LOADED,1
-176,7,-218,TICKING,LOADED,2
-195,5,-231,TICKING,LOADED,2
-184,-1,-234,TICKING,LOADED,1
-4,4,-5,TICKING,LOADED,1
-212,7,-184,TICKING,LOADED,1
-224,4,-230,TICKING,LOADED,1
-196,1,-223,TICKING,LOADED,1
-186,5,-206,TICKING,LOADED,1
-174,4,-203,TICKING,LOADED,1
-171,5,-213,TICKING,LOADED,2
-196,1,-228,TICKING,LOADED,1
-226,5,-188,TRACKED,LOADED,1
-205,7,-187,TICKING,LOADED,2
-166,4,-228,TICKING,LOADED,1
-161,0,-217,TICKING,LOADED,1
-169,4,-212,TICKING,LOADED,1
-189,5,-222,TICKING,LOADED,1
-170,6,-220,TICKING,LOADED,2
-219,6,-187,TICKING,LOADED,2
-201,4,-221,TICKING,LOADED,1
-195,6,-191,TICKING,LOADED,1
-208,10,-183,TICKING,LOADED,1
-207,4,-189,TICKING,LOADED,1
-207,6,-189,TICKING,LOADED,1
-199,2,-229,TICKING,LOADED,1
-174,4,-229,TICKING,LOADED,1
-220,6,-186,TICKING,LOADED,1
-178,5,-181,TICKING,LOADED,1
-159,5,-188,TRACKED,LOADED,1
-207,5,-221,TICKING,LOADED,1
-160,5,-196,TICKING,LOADED,1
-164,4,-233,TICKING,LOADED,2
-165,4,-227,TICKING,LOADED,2
-218,6,-222,TICKING,LOADED,1
-9,2,-3,TICKING,LOADED,1
-159,4,-178,TRACKED,LOADED,1
-224,5,-185,TICKING,LOADED,4
-220,6,-201,TICKING,LOADED,2
-159,6,-183,TRACKED,LOADED,1
-206,8,-234,TICKING,LOADED,1
-210,5,-225,TICKING,LOADED,1
-160,5,-215,TICKING,LOADED,3
-188,5,-242,TICKING,LOADED,1
-165,5,-181,TICKING,LOADED,2
-161,6,-191,TICKING,LOADED,1
-194,2,-210,TICKING,LOADED,10
-192,3,-212,TICKING,LOADED,3
-213,11,-202,TICKING,LOADED,1
-159,6,-193,TRACKED,LOADED,2
-196,11,-182,TICKING,LOADED,1
-166,4,-241,TICKING,LOADED,1
-160,6,-191,TICKING,LOADED,3
-163,4,-236,TICKING,LOADED,1
-171,6,-220,TICKING,LOADED,1
-206,6,-178,TICKING,LOADED,1
-212,11,-205,TICKING,LOADED,1
-159,6,-194,TRACKED,LOADED,2
-205,5,-215,TICKING,LOADED,2
-219,6,-186,TICKING,LOADED,1
-185,-1,-182,TICKING,LOADED,1
11,1,-2,TRACKED,LOADED,1
11,4,-2,TRACKED,LOADED,1
-186,5,-202,TICKING,LOADED,1
-5,4,-7,TICKING,LOADED,2
-196,6,-201,TICKING,LOADED,1
-170,6,-219,TICKING,LOADED,1
-162,4,-235,TICKING,LOADED,2
-219,5,-196,TICKING,LOADED,1
-209,7,-226,TICKING,LOADED,1
-186,4,-192,TICKING,LOADED,1
-169,4,-240,TICKING,LOADED,1
-219,8,-215,TICKING,LOADED,3
-168,4,-239,TICKING,LOADED,3
-222,5,-234,TICKING,LOADED,1
-190,5,-217,TICKING,LOADED,2
-190,6,-217,TICKING,LOADED,2
-196,5,-211,TICKING,LOADED,1
-167,4,-228,TICKING,LOADED,1
-216,5,-231,TICKING,LOADED,1
-209,7,-228,TICKING,LOADED,2
-188,4,-206,TICKING,LOADED,1
-195,0,-190,TICKING,LOADED,1
-195,6,-190,TICKING,LOADED,1
-173,6,-219,TICKING,LOADED,1
-194,6,-205,TICKING,LOADED,3
-185,5,-227,TICKING,LOADED,1
3,4,4,TICKING,LOADED,1
-189,5,-210,TICKING,LOADED,2
-221,6,-202,TICKING,LOADED,2
-187,4,-219,TICKING,LOADED,1
-219,6,-231,TICKING,LOADED,1
-198,6,-195,TICKING,LOADED,1
-165,4,-239,TICKING,LOADED,3
-177,5,-183,TICKING,LOADED,1
-188,6,-201,TICKING,LOADED,2
-171,5,-222,TICKING,LOADED,1
-193,11,-180,TICKING,LOADED,1
-193,12,-180,TICKING,LOADED,2
-203,10,-232,TICKING,LOADED,1
-226,7,-195,TRACKED,LOADED,1
-226,8,-195,TRACKED,LOADED,2
-164,4,-226,TICKING,LOADED,1
-198,5,-210,TICKING,LOADED,2
-161,4,-229,TICKING,LOADED,2
-209,10,-183,TICKING,LOADED,1
-215,5,-176,TRACKED,LOADED,1
-161,4,-234,TICKING,LOADED,1
-187,6,-200,TICKING,LOADED,1
-158,4,-231,TRACKED,LOADED,3
-207,6,-238,TICKING,LOADED,2
-216,6,-186,TICKING,LOADED,1
-188,5,-211,TICKING,LOADED,3
-197,0,-188,TICKING,LOADED,1
-211,7,-228,TICKING,LOADED,1
-167,1,-195,TICKING,LOADED,1
-168,4,-224,TICKING,LOADED,3
-190,5,-222,TICKING,LOADED,1
-216,5,-196,TICKING,LOADED,1
-216,6,-196,TICKING,LOADED,1
-211,5,-223,TICKING,LOADED,1
-213,5,-187,TICKING,LOADED,1
-175,1,-219,TICKING,LOADED,1
-175,7,-219,TICKING,LOADED,1
-202,7,-224,TICKING,LOADED,1
-158,3,-236,TRACKED,LOADED,1
-214,6,-222,TICKING,LOADED,1
-181,5,-187,TICKING,LOADED,1
-181,6,-187,TICKING,LOADED,1
-192,5,-205,TICKING,LOADED,1
-210,9,-183,TICKING,LOADED,2
-223,5,-186,TICKING,LOADED,1
-206,6,-223,TICKING,LOADED,1
-160,4,-233,TICKING,LOADED,2
-165,4,-231,TICKING,LOADED,1
-190,6,-235,TICKING,LOADED,1
-190,9,-178,TICKING,LOADED,1
-175,5,-223,TICKING,LOADED,3
-186,-1,-182,TICKING,LOADED,1
-168,6,-194,TICKING,LOADED,1
-170,6,-192,TICKING,LOADED,2
-222,7,-222,TICKING,LOADED,1
-174,5,-179,TICKING,LOADED,1
-190,6,-197,TICKING,LOADED,2
-179,-2,-199,TICKING,LOADED,1
-174,4,-224,TICKING,LOADED,1
-187,5,-240,TICKING,LOADED,1
-222,5,-184,TICKING,LOADED,1
-163,5,-196,TICKING,LOADED,1
-193,5,-206,TICKING,LOADED,1
-177,4,-176,TRACKED,LOADED,1
-211,11,-203,TICKING,LOADED,1
-180,6,-211,TICKING,LOADED,1
-184,3,-197,TICKING,LOADED,1
-220,5,-225,TICKING,LOADED,1
-199,5,-190,TICKING,LOADED,1
-176,4,-229,TICKING,LOADED,1
-163,5,-191,TICKING,LOADED,1
-165,5,-199,TICKING,LOADED,1
-193,7,-187,TICKING,LOADED,1
-192,7,-188,TICKING,LOADED,1
-219,6,-200,TICKING,LOADED,2
-8,4,3,TICKING,LOADED,2
-226,5,-185,TRACKED,LOADED,3
-223,7,-211,TICKING,LOADED,1
-182,6,-219,TICKING,LOADED,1
-179,5,-184,TICKING,LOADED,1
-167,4,-240,TICKING,LOADED,1
-172,3,-228,TICKING,LOADED,1
-10,2,-5,TRACKED,LOADED,1
-164,5,-179,TICKING,LOADED,8
-162,4,-230,TICKING,LOADED,3
-222,8,-212,TICKING,LOADED,1
-224,9,-213,TICKING,LOADED,1
-176,5,-182,TICKING,LOADED,1
-218,5,-235,TICKING,LOADED,1
5,4,1,TICKING,LOADED,1
-171,6,-191,TICKING,LOADED,2
-218,6,-230,TICKING,LOADED,1
-171,6,-196,TICKING,LOADED,1
-187,4,-205,TICKING,LOADED,1
-187,5,-205,TICKING,LOADED,1
-206,6,-237,TICKING,LOADED,1
-160,0,-218,TICKING,LOADED,1
-164,5,-194,TICKING,LOADED,1
-196,4,-206,TICKING,LOADED,1
-200,4,-217,TICKING,LOADED,1
-161,4,-220,TICKING,LOADED,1
-161,5,-220,TICKING,LOADED,1
-226,6,-242,TRACKED,LOADED,1
-216,-1,-226,TICKING,LOADED,1
-190,6,-195,TICKING,LOADED,2
-162,4,-176,TRACKED,LOADED,11
-195,5,-233,TICKING,LOADED,1
-222,5,-182,TICKING,LOADED,1
-222,6,-182,TICKING,LOADED,1
-214,5,-191,TICKING,LOADED,2
-183,6,-220,TICKING,LOADED,1
-187,5,-186,TICKING,LOADED,1
-184,6,-222,TICKING,LOADED,3
-192,6,-198,TICKING,LOADED,1
-160,4,-231,TICKING,LOADED,2
-189,6,-195,TICKING,LOADED,2
-204,5,-215,TICKING,LOADED,1
-221,0,-235,TICKING,LOADED,1
-187,5,-202,TICKING,LOADED,1
-169,6,-216,TICKING,LOADED,1
-216,5,-194,TICKING,LOADED,1
-200,5,-207,TICKING,LOADED,1
-214,6,-229,TICKING,LOADED,1
-202,9,-226,TICKING,LOADED,2
-172,4,-226,TICKING,LOADED,1
-212,6,-226,TICKING,LOADED,1
-215,6,-196,TICKING,LOADED,1
-160,6,-193,TICKING,LOADED,1
-200,8,-185,TICKING,LOADED,1
-213,4,-223,TICKING,LOADED,1
-213,5,-223,TICKING,LOADED,1
-215,6,-186,TICKING,LOADED,2
-221,5,-197,TICKING,LOADED,2
-162,5,-195,TICKING,LOADED,1
-221,6,-178,TICKING,LOADED,2
-195,6,-198,TICKING,LOADED,3
-194,11,-181,TICKING,LOADED,1
-167,4,-233,TICKING,LOADED,1
-226,8,-197,TRACKED,LOADED,1
-175,4,-202,TICKING,LOADED,1
-173,5,-224,TICKING,LOADED,1
-160,5,-213,TICKING,LOADED,1
-166,0,-224,TICKING,LOADED,3
-190,5,-215,TICKING,LOADED,2
-194,5,-214,TICKING,LOADED,2
-210,5,-193,TICKING,LOADED,1
-200,11,-182,TICKING,LOADED,1
-191,6,-242,TICKING,LOADED,1
-224,6,-181,TICKING,LOADED,2
-203,5,-216,TICKING,LOADED,1
-172,-1,-216,TICKING,LOADED,1
-176,5,-208,TICKING,LOADED,1
-166,4,-181,TICKING,LOADED,1
-180,8,-214,TICKING,LOADED,4
7,1,-4,TICKING,LOADED,1
-186,6,-224,TICKING,LOADED,2
-185,5,-185,TICKING,LOADED,1
-225,7,-196,TRACKED,LOADED,1
-195,3,-208,TICKING,LOADED,4
-195,4,-208,TICKING,LOADED,1
-179,7,-217,TICKING,LOADED,1
-210,6,-218,TICKING,LOADED,4
-168,4,-241,TICKING,LOADED,1
-161,5,-189,TICKING,LOADED,2
-193,5,-204,TICKING,LOADED,1
-179,3,-236,TICKING,LOADED,1
-192,3,-209,TICKING,LOADED,1
-191,5,-215,TICKING,LOADED,2
-185,5,-204,TICKING,LOADED,1
-212,5,-231,TICKING,LOADED,1
-223,4,-226,TICKING,LOADED,1
-223,5,-226,TICKING,LOADED,3
-180,5,-209,TICKING,LOADED,2
-190,3,-230,TICKING,LOADED,1
-159,5,-186,TRACKED,LOADED,1
-197,5,-212,TICKING,LOADED,1
-213,6,-185,TICKING,LOADED,1
-196,5,-213,TICKING,LOADED,1
-210,5,-223,TICKING,LOADED,5
-210,6,-223,TICKING,LOADED,2
-164,4,-239,TICKING,LOADED,1
-195,6,-193,TICKING,LOADED,2
-206,8,-204,TICKING,LOADED,1
-206,9,-204,TICKING,LOADED,1
-199,8,-185,TICKING,LOADED,1
-195,10,-183,TICKING,LOADED,1
-11,3,-1,TRACKED,LOADED,1
-207,9,-205,TICKING,LOADED,1
-212,5,-222,TICKING,LOADED,3
-199,-1,-220,TICKING,LOADED,1
-169,4,-228,TICKING,LOADED,1
-207,8,-186,TICKING,LOADED,1
-222,5,-186,TICKING,LOADED,2
-223,6,-181,TICKING,LOADED,1
-159,6,-191,TRACKED,LOADED,1
-159,7,-191,TRACKED,LOADED,1
-163,0,-182,TICKING,LOADED,1
-163,5,-182,TICKING,LOADED,1
-208,6,-218,TICKING,LOADED,2
-190,5,-205,TICKING,LOADED,1
-3,4,-7,TICKING,LOADED,1
-165,4,-179,TICKING,LOADED,2
-191,6,-197,TICKING,LOADED,4
-160,5,-181,TICKING,LOADED,1
-185,6,-210,TICKING,LOADED,5
-217,3,-226,TICKING,LOADED,1
-195,5,-213,TICKING,LOADED,5
-187,6,-236,TICKING,LOADED,1
-173,3,-244,TRACKED,LOADED,1
-198,10,-183,TICKING,LOADED,1
-181,7,-213,TICKING,LOADED,1
-195,-1,-223,TICKING,LOADED,1
-191,5,-217,TICKING,LOADED,1
-222,5,-227,TICKING,LOADED,1
-170,5,-197,TICKING,LOADED,1
-170,6,-197,TICKING,LOADED,2
-194,0,-212,TICKING,LOADED,1
-194,5,-212,TICKING,LOADED,1
-167,4,-178,TICKING,LOADED,1
-199,5,-210,TICKING,LOADED,1
-198,-1,-222,TICKING,LOADED,1
-215,5,-231,TICKING,LOADED,1
-170,6,-187,TICKING,LOADED,1
-190,6,-199,TICKING,LOADED,1
-221,0,-234,TICKING,LOADED,1
-221,4,-234,TICKING,LOADED,1
-180,7,-213,TICKING,LOADED,6
-180,8,-213,TICKING,LOADED,2
-218,6,-176,TRACKED,LOADED,1
-171,6,-192,TICKING,LOADED,1
-205,7,-205,TICKING,LOADED,1
-212,-1,-220,TICKING,LOADED,5
-183,7,-215,TICKING,LOADED,7
-167,5,-193,TICKING,LOADED,1
-217,5,-179,TICKING,LOADED,2
-193,4,-216,TICKING,LOADED,1
-6,4,3,TICKING,LOADED,1
-186,4,-240,TICKING,LOADED,1
-158,6,-192,TRACKED,LOADED,1
-192,5,-178,TICKING,LOADED,1
-165,4,-178,TICKING,LOADED,4
-194,5,-213,TICKING,LOADED,2
-173,1,-222,TICKING,LOADED,1
-10,4,3,TRACKED,LOADED,1
-182,3,-198,TICKING,LOADED,2
-225,2,-178,TRACKED,LOADED,1
-180,5,-208,TICKING,LOADED,1
-158,5,-214,TRACKED,LOADED,1
-189,5,-219,TICKING,LOADED,8
-220,6,-197,TICKING,LOADED,1
-221,5,-224,TICKING,LOADED,2
-223,5,-228,TICKING,LOADED,2
11,4,8,TRACKED,LOADED,1
-177,4,-229,TICKING,LOADED,3
-204,6,-201,TICKING,LOADED,1
-215,5,-229,TICKING,LOADED,1
-178,4,-225,TICKING,LOADED,1
-179,8,-216,TICKING,LOADED,2
-209,7,-185,TICKING,LOADED,1
-215,6,-191,TICKING,LOADED,1
-193,6,-196,TICKING,LOADED,2
-197,6,-196,TICKING,LOADED,1
-218,7,-206,TICKING,LOADED,1
-187,6,-185,TICKING,LOADED,1
-185,-1,-184,TICKING,LOADED,1
-171,5,-179,TICKING,LOADED,1
-190,6,-201,TICKING,LOADED,1
-197,6,-241,TICKING,LOADED,1
-168,5,-216,TICKING,LOADED,1
-168,6,-216,TICKING,LOADED,1
-161,5,-186,TICKING,LOADED,2
-184,-1,-238,TICKING,LOADED,1
-211,6,-225,TICKING,LOADED,1
-214,4,-240,TICKING,LOADED,1
-194,5,-233,TICKING,LOADED,1
-193,5,-191,TICKING,LOADED,2
-195,1,-225,TICKING,LOADED,2
-9,-2,-2,TICKING,LOADED,1
-2,4,-6,TICKING,LOADED,2
-197,4,-209,TICKING,LOADED,1
-197,5,-209,TICKING,LOADED,1
-219,5,-228,TICKING,LOADED,1
-194,6,-198,TICKING,LOADED,1
-190,6,-187,TICKING,LOADED,1
-181,4,-240,TICKING,LOADED,1
-221,5,-189,TICKING,LOADED,1
-186,4,-205,TICKING,LOADED,2
-186,5,-205,TICKING,LOADED,1
-161,5,-213,TICKING,LOADED,3
-174,6,-221,TICKING,LOADED,4
-190,3,-206,TICKING,LOADED,1
-196,6,-194,TICKING,LOADED,3
-169,4,-223,TICKING,LOADED,1
-165,4,-228,TICKING,LOADED,1
-189,5,-188,TICKING,LOADED,1
-225,5,-185,TRACKED,LOADED,2
-218,6,-188,TICKING,LOADED,2
-170,6,-221,TICKING,LOADED,2
-222,5,-226,TICKING,LOADED,1
-169,5,-213,TICKING,LOADED,2
-160,1,-214,TICKING,LOADED,1
-202,10,-229,TICKING,LOADED,1
-208,8,-197,TICKING,LOADED,1
-164,5,-196,TICKING,LOADED,1
-10,2,-4,TRACKED,LOADED,1
-220,5,-235,TICKING,LOADED,1
-219,5,-198,TICKING,LOADED,2
-174,5,-183,TICKING,LOADED,1
-188,-2,-183,TICKING,LOADED,1
-196,6,-189,TICKING,LOADED,1
-161,6,-193,TICKING,LOADED,4
-165,4,-183,TICKING,LOADED,1
-198,6,-198,TICKING,LOADED,1
-206,6,-215,TICKING,LOADED,2
-188,5,-218,TICKING,LOADED,3
8,1,-1,TICKING,LOADED,1
-202,10,-227,TICKING,LOADED,1
-213,5,-235,TICKING,LOADED,1
-210,5,-224,TICKING,LOADED,4
-210,6,-224,TICKING,LOADED,5
-210,-2,-224,TICKING,LOADED,1
-215,6,-184,TICKING,LOADED,2
-158,4,-233,TRACKED,LOADED,1
-182,4,-242,TICKING,LOADED,1
-177,7,-217,TICKING,LOADED,2
-196,5,-204,TICKING,LOADED,1
-198,5,-207,TICKING,LOADED,2
-178,-1,-210,TICKING,LOADED,1
-160,4,-240,TICKING,LOADED,2
-210,7,-229,TICKING,LOADED,1
-209,7,-211,TICKING,LOADED,1
-173,6,-217,TICKING,LOADED,3
-207,7,-235,TICKING,LOADED,1
-188,5,-215,TICKING,LOADED,3
-196,5,-214,TICKING,LOADED,1
-190,5,-213,TICKING,LOADED,1
-206,5,-210,TICKING,LOADED,1
-177,4,-230,TICKING,LOADED,1
-197,1,-229,TICKING,LOADED,2
-162,5,-186,TICKING,LOADED,1
-192,1,-223,TICKING,LOADED,2
-226,3,-202,TRACKED,LOADED,1
-191,6,-198,TICKING,LOADED,1
-214,5,-190,TICKING,LOADED,3
-193,5,-203,TICKING,LOADED,1
-193,6,-203,TICKING,LOADED,1
-219,6,-201,TICKING,LOADED,1
-196,4,-209,TICKING,LOADED,2
-196,5,-209,TICKING,LOADED,1
-170,6,-190,TICKING,LOADED,1
-163,4,-238,TICKING,LOADED,2
-202,10,-232,TICKING,LOADED,1
-223,5,-204,TICKING,LOADED,1
-221,6,-201,TICKING,LOADED,1
-200,8,-179,TICKING,LOADED,3
-175,7,-217,TICKING,LOADED,1
-158,4,-235,TRACKED,LOADED,1
-211,5,-192,TICKING,LOADED,1
-206,2,-208,TICKING,LOADED,1
-190,5,-218,TICKING,LOADED,7
-219,5,-181,TICKING,LOADED,2
-208,7,-177,TRACKED,LOADED,1
-177,5,-182,TICKING,LOADED,1
-211,7,-211,TICKING,LOADED,1
-4,4,-4,TICKING,LOADED,1
-197,5,-204,TICKING,LOADED,1
-170,6,-195,TICKING,LOADED,2
-224,1,-241,TICKING,LOADED,1
-224,5,-241,TICKING,LOADED,2
-177,6,-212,TICKING,LOADED,1
-181,4,-243,TRACKED,LOADED,2
-226,5,-232,TRACKED,LOADED,3
-164,4,-227,TICKING,LOADED,1
-175,5,-180,TICKING,LOADED,1
-159,6,-189,TRACKED,LOADED,1
-180,3,-232,TICKING,LOADED,1
-221,6,-181,TICKING,LOADED,1
-220,6,-202,TICKING,LOADED,1
-182,7,-215,TICKING,LOADED,1
-199,5,-208,TICKING,LOADED,3
-181,8,-217,TICKING,LOADED,1
-170,5,-200,TICKING,LOADED,3
-196,4,-216,TICKING,LOADED,1
-166,4,-227,TICKING,LOADED,1
-198,7,-186,TICKING,LOADED,1
-187,6,-228,TICKING,LOADED,1
-213,9,-208,TICKING,LOADED,1
-204,8,-225,TICKING,LOADED,1
-201,-1,-190,TICKING,LOADED,1
-215,4,-234,TICKING,LOADED,1
-159,4,-179,TRACKED,LOADED,9
-159,5,-179,TRACKED,LOADED,7
-212,0,-183,TICKING,LOADED,1
-216,6,-185,TICKING,LOADED,1
-163,5,-180,TICKING,LOADED,3
-221,5,-226,TICKING,LOADED,2
-190,8,-177,TRACKED,LOADED,1
-212,9,-178,TICKING,LOADED,1
-195,5,-211,TICKING,LOADED,1
-161,5,-218,TICKING,LOADED,1
-162,4,-233,TICKING,LOADED,1
-176,6,-217,TICKING,LOADED,1
-177,5,-207,TICKING,LOADED,2
-219,6,-188,TICKING,LOADED,1
-211,7,-185,TICKING,LOADED,1
-224,4,-229,TICKING,LOADED,1
-192,5,-211,TICKING,LOADED,2
-196,5,-197,TICKING,LOADED,1
-196,6,-197,TICKING,LOADED,1
-184,7,-214,TICKING,LOADED,2
-178,4,-227,TICKING,LOADED,1
-195,6,-201,TICKING,LOADED,1
-193,9,-176,TRACKED,LOADED,1
-168,5,-198,TICKING,LOADED,1
-162,4,-218,TICKING,LOADED,1
-214,9,-207,TICKING,LOADED,1
-213,5,-233,TICKING,LOADED,1
-199,10,-182,TICKING,LOADED,1
-194,6,-203,TICKING,LOADED,2
-167,4,-181,TICKING,LOADED,1
-207,7,-195,TICKING,LOADED,1
-159,4,-229,TRACKED,LOADED,2
-189,5,-212,TICKING,LOADED,3
-187,5,-193,TICKING,LOADED,1
-188,6,-235,TICKING,LOADED,1
-197,8,-179,TICKING,LOADED,1
-198,6,-193,TICKING,LOADED,1
-200,6,-224,TICKING,LOADED,1
-164,5,-182,TICKING,LOADED,1
-212,11,-203,TICKING,LOADED,2
-197,0,-184,TICKING,LOADED,1
-197,8,-184,TICKING,LOADED,1
-168,4,-238,TICKING,LOADED,1
-176,6,-180,TICKING,LOADED,1
-207,5,-215,TICKING,LOADED,1
-167,6,-211,TICKING,LOADED,1
-218,5,-228,TICKING,LOADED,3
-193,8,-186,TICKING,LOADED,1
-171,6,-194,TICKING,LOADED,1
-160,6,-190,TICKING,LOADED,1
-191,2,-212,TICKING,LOADED,1
-191,3,-212,TICKING,LOADED,1
-191,5,-212,TICKING,LOADED,1
-217,6,-229,TICKING,LOADED,2
-167,5,-216,TICKING,LOADED,1
-172,5,-179,TICKING,LOADED,2
-185,-1,-239,TICKING,LOADED,1
-160,5,-216,TICKING,LOADED,1
-161,4,-233,TICKING,LOADED,1
-226,0,-239,TRACKED,LOADED,1
-181,5,-203,TICKING,LOADED,1
-5,4,-4,TICKING,LOADED,2
-168,5,-213,TICKING,LOADED,4
-212,5,-225,TICKING,LOADED,3
-212,6,-225,TICKING,LOADED,1
-163,3,-225,TICKING,LOADED,1
-174,6,-219,TICKING,LOADED,1
-164,4,-236,TICKING,LOADED,1
-197,6,-189,TICKING,LOADED,1
-180,5,-187,TICKING,LOADED,1
-205,6,-177,TRACKED,LOADED,1
-205,7,-177,TRACKED,LOADED,1
-198,5,-212,TICKING,LOADED,1
-213,5,-220,TICKING,LOADED,1
-192,6,-196,TICKING,LOADED,3
-187,6,-183,TICKING,LOADED,2
-163,4,-230,TICKING,LOADED,3
-172,6,-219,TICKING,LOADED,2
-172,7,-219,TICKING,LOADED,1
10,4,1,TRACKED,LOADED,1
-219,6,-176,TRACKED,LOADED,2
-217,4,-236,TICKING,LOADED,1
-173,4,-201,TICKING,LOADED,1
-223,5,-235,TICKING,LOADED,1
-180,5,-206,TICKING,LOADED,1
